{
  "project_info": {
    "project_number": "183657204440",
    "project_id": "car-parking-management-fd738",
    "storage_bucket": "car-parking-management-fd738.firebasestorage.app"
  },
  "client": [
    {
      "client_info": {
        "mobilesdk_app_id": "1:183657204440:android:eea8e73947b68f0c8ae5ad",
        "android_client_info": {
          "package_name": "com.example.carparkingmanagement"
        }
      },
      "oauth_client": [],
      "api_key": [
        {
          "current_key": "AIzaSyC2Hz9nFyDLirkX0zzXtrfz7U1uMki4IQ8"
        }
      ],
      "services": {
        "appinvite_service": {
          "other_platform_oauth_client": []
        }
      }
    }
  ],
  "configuration_version": "1"
}